row_id,num_sold
26298,163
26299,435
26300,0
26301,371
26302,644
26303,196
26304,356
26305,628
26306,181
26307,564
26308,837
26309,389
26310,210
26311,483
26312,35
26313,419
26314,691
26315,244
26316,180
26317,452
26318,5
26319,388
26320,661
26321,213
26322,372
26323,645
26324,198
26325,581
26326,853
26327,406
26328,227
26329,500
26330,52
26331,435
26332,708
26333,261
26334,249
26335,522
26336,74
26337,458
26338,730
26339,283
26340,442
26341,715
26342,267
26343,650
26344,923
26345,476
26346,297
26347,569
26348,122
26349,505
26350,778
26351,330
26352,249
26353,522
26354,74
26355,458
26356,730
26357,283
26358,442
26359,715
26360,267
26361,650
26362,923
26363,476
26364,297
26365,569
26366,122
26367,505
26368,778
26369,330
26370,160
26371,432
26372,0
26373,368
26374,641
26375,193
26376,353
26377,625
26378,178
26379,561
26380,834
26381,386
26382,207
26383,480
26384,32
26385,416
26386,688
26387,241
26388,160
26389,433
26390,0
26391,368
26392,641
26393,194
26394,353
26395,625
26396,178
26397,561
26398,834
26399,386
26400,207
26401,480
26402,33
26403,416
26404,688
26405,241
26406,163
26407,435
26408,0
26409,371
26410,644
26411,196
26412,356
26413,628
26414,181
26415,564
26416,837
26417,389
26418,210
26419,483
26420,35
26421,419
26422,691
26423,244
26424,163
26425,435
26426,0
26427,371
26428,644
26429,196
26430,356
26431,628
26432,181
26433,564
26434,837
26435,389
26436,210
26437,483
26438,35
26439,419
26440,691
26441,244
26442,180
26443,452
26444,5
26445,388
26446,661
26447,213
26448,372
26449,645
26450,198
26451,581
26452,853
26453,406
26454,227
26455,500
26456,52
26457,435
26458,708
26459,261
26460,249
26461,522
26462,74
26463,458
26464,730
26465,283
26466,442
26467,715
26468,267
26469,650
26470,923
26471,476
26472,297
26473,569
26474,122
26475,505
26476,778
26477,330
26478,249
26479,522
26480,74
26481,458
26482,730
26483,283
26484,442
26485,715
26486,267
26487,650
26488,923
26489,476
26490,297
26491,569
26492,122
26493,505
26494,778
26495,330
26496,160
26497,432
26498,0
26499,368
26500,641
26501,193
26502,353
26503,625
26504,178
26505,561
26506,834
26507,386
26508,207
26509,480
26510,32
26511,416
26512,688
26513,241
26514,160
26515,433
26516,0
26517,368
26518,641
26519,194
26520,353
26521,625
26522,178
26523,561
26524,834
26525,386
26526,207
26527,480
26528,33
26529,416
26530,688
26531,241
26532,163
26533,435
26534,0
26535,371
26536,644
26537,196
26538,356
26539,628
26540,181
26541,564
26542,837
26543,389
26544,210
26545,483
26546,35
26547,419
26548,691
26549,244
26550,163
26551,435
26552,0
26553,371
26554,644
26555,196
26556,356
26557,628
26558,181
26559,564
26560,837
26561,389
26562,210
26563,483
26564,35
26565,419
26566,691
26567,244
26568,180
26569,452
26570,5
26571,388
26572,661
26573,213
26574,372
26575,645
26576,198
26577,581
26578,853
26579,406
26580,227
26581,500
26582,52
26583,435
26584,708
26585,261
26586,249
26587,522
26588,74
26589,458
26590,730
26591,283
26592,442
26593,715
26594,267
26595,650
26596,923
26597,476
26598,297
26599,569
26600,122
26601,505
26602,778
26603,330
26604,249
26605,522
26606,74
26607,458
26608,730
26609,283
26610,442
26611,715
26612,267
26613,650
26614,923
26615,476
26616,297
26617,569
26618,122
26619,505
26620,778
26621,330
26622,160
26623,432
26624,0
26625,368
26626,641
26627,193
26628,353
26629,625
26630,178
26631,561
26632,834
26633,386
26634,207
26635,480
26636,32
26637,416
26638,688
26639,241
26640,160
26641,433
26642,0
26643,368
26644,641
26645,194
26646,353
26647,625
26648,178
26649,561
26650,834
26651,386
26652,207
26653,480
26654,33
26655,416
26656,688
26657,241
26658,163
26659,435
26660,0
26661,371
26662,644
26663,196
26664,356
26665,628
26666,181
26667,564
26668,837
26669,389
26670,210
26671,483
26672,35
26673,419
26674,691
26675,244
26676,163
26677,435
26678,0
26679,371
26680,644
26681,196
26682,356
26683,628
26684,181
26685,564
26686,837
26687,389
26688,210
26689,483
26690,35
26691,419
26692,691
26693,244
26694,180
26695,452
26696,5
26697,388
26698,661
26699,213
26700,372
26701,645
26702,198
26703,581
26704,853
26705,406
26706,227
26707,500
26708,52
26709,435
26710,708
26711,261
26712,249
26713,522
26714,74
26715,458
26716,730
26717,283
26718,442
26719,715
26720,267
26721,650
26722,923
26723,476
26724,297
26725,569
26726,122
26727,505
26728,778
26729,330
26730,249
26731,522
26732,74
26733,458
26734,730
26735,283
26736,442
26737,715
26738,267
26739,650
26740,923
26741,476
26742,297
26743,569
26744,122
26745,505
26746,778
26747,330
26748,160
26749,432
26750,0
26751,368
26752,641
26753,193
26754,353
26755,625
26756,178
26757,561
26758,834
26759,386
26760,207
26761,480
26762,32
26763,416
26764,688
26765,241
26766,160
26767,433
26768,0
26769,368
26770,641
26771,194
26772,353
26773,625
26774,178
26775,561
26776,834
26777,386
26778,207
26779,480
26780,33
26781,416
26782,688
26783,241
26784,163
26785,435
26786,0
26787,371
26788,644
26789,196
26790,356
26791,628
26792,181
26793,564
26794,837
26795,389
26796,210
26797,483
26798,35
26799,419
26800,691
26801,244
26802,163
26803,435
26804,0
26805,371
26806,644
26807,196
26808,356
26809,628
26810,181
26811,564
26812,837
26813,389
26814,210
26815,483
26816,35
26817,419
26818,691
26819,244
26820,180
26821,452
26822,5
26823,388
26824,661
26825,213
26826,372
26827,645
26828,198
26829,581
26830,853
26831,406
26832,227
26833,500
26834,52
26835,435
26836,708
26837,261
26838,249
26839,522
26840,74
26841,458
26842,730
26843,283
26844,442
26845,715
26846,267
26847,650
26848,923
26849,476
26850,297
26851,569
26852,122
26853,505
26854,778
26855,330
26856,229
26857,502
26858,54
26859,437
26860,710
26861,263
26862,422
26863,694
26864,247
26865,630
26866,903
26867,455
26868,276
26869,549
26870,102
26871,485
26872,757
26873,310
26874,140
26875,412
26876,0
26877,348
26878,621
26879,173
26880,332
26881,605
26882,158
26883,541
26884,813
26885,366
26886,187
26887,460
26888,12
26889,395
26890,668
26891,221
26892,140
26893,412
26894,0
26895,348
26896,621
26897,173
26898,333
26899,605
26900,158
26901,541
26902,814
26903,366
26904,187
26905,460
26906,12
26907,396
26908,668
26909,221
26910,143
26911,415
26912,0
26913,351
26914,624
26915,176
26916,335
26917,608
26918,160
26919,544
26920,816
26921,369
26922,190
26923,463
26924,15
26925,398
26926,671
26927,223
26928,143
26929,415
26930,0
26931,351
26932,624
26933,176
26934,335
26935,608
26936,160
26937,544
26938,816
26939,369
26940,190
26941,463
26942,15
26943,398
26944,671
26945,223
26946,159
26947,432
26948,0
26949,368
26950,640
26951,193
26952,352
26953,625
26954,177
26955,561
26956,833
26957,386
26958,207
26959,479
26960,32
26961,415
26962,688
26963,240
26964,229
26965,502
26966,54
26967,437
26968,710
26969,263
26970,422
26971,694
26972,247
26973,630
26974,903
26975,455
26976,276
26977,549
26978,102
26979,485
26980,757
26981,310
26982,229
26983,502
26984,54
26985,437
26986,710
26987,263
26988,422
26989,694
26990,247
26991,630
26992,903
26993,455
26994,276
26995,549
26996,102
26997,485
26998,757
26999,310
27000,140
27001,412
27002,0
27003,348
27004,621
27005,173
27006,332
27007,605
27008,158
27009,541
27010,813
27011,366
27012,187
27013,460
27014,12
27015,395
27016,668
27017,221
27018,140
27019,412
27020,0
27021,348
27022,621
27023,173
27024,333
27025,605
27026,158
27027,541
27028,814
27029,366
27030,187
27031,460
27032,12
27033,396
27034,668
27035,221
27036,143
27037,415
27038,0
27039,351
27040,624
27041,176
27042,335
27043,608
27044,160
27045,544
27046,816
27047,369
27048,190
27049,463
27050,15
27051,398
27052,671
27053,223
27054,143
27055,415
27056,0
27057,351
27058,624
27059,176
27060,335
27061,608
27062,160
27063,544
27064,816
27065,369
27066,190
27067,463
27068,15
27069,398
27070,671
27071,223
27072,159
27073,432
27074,0
27075,368
27076,640
27077,193
27078,352
27079,625
27080,177
27081,561
27082,833
27083,386
27084,207
27085,479
27086,32
27087,415
27088,688
27089,240
27090,229
27091,502
27092,54
27093,437
27094,710
27095,263
27096,422
27097,694
27098,247
27099,630
27100,903
27101,455
27102,276
27103,549
27104,102
27105,485
27106,757
27107,310
27108,229
27109,502
27110,54
27111,437
27112,710
27113,263
27114,422
27115,694
27116,247
27117,630
27118,903
27119,455
27120,276
27121,549
27122,102
27123,485
27124,757
27125,310
27126,140
27127,412
27128,0
27129,348
27130,621
27131,173
27132,332
27133,605
27134,158
27135,541
27136,813
27137,366
27138,187
27139,460
27140,12
27141,395
27142,668
27143,221
27144,140
27145,412
27146,0
27147,348
27148,621
27149,173
27150,333
27151,605
27152,158
27153,541
27154,814
27155,366
27156,187
27157,460
27158,12
27159,396
27160,668
27161,221
27162,143
27163,415
27164,0
27165,351
27166,624
27167,176
27168,335
27169,608
27170,160
27171,544
27172,816
27173,369
27174,190
27175,463
27176,15
27177,398
27178,671
27179,223
27180,143
27181,415
27182,0
27183,351
27184,624
27185,176
27186,335
27187,608
27188,160
27189,544
27190,816
27191,369
27192,190
27193,463
27194,15
27195,398
27196,671
27197,223
27198,159
27199,432
27200,0
27201,368
27202,640
27203,193
27204,352
27205,625
27206,177
27207,561
27208,833
27209,386
27210,207
27211,479
27212,32
27213,415
27214,688
27215,240
27216,229
27217,502
27218,54
27219,437
27220,710
27221,263
27222,422
27223,694
27224,247
27225,630
27226,903
27227,455
27228,276
27229,549
27230,102
27231,485
27232,757
27233,310
27234,229
27235,502
27236,54
27237,437
27238,710
27239,263
27240,422
27241,694
27242,247
27243,630
27244,903
27245,455
27246,276
27247,549
27248,102
27249,485
27250,757
27251,310
27252,140
27253,412
27254,0
27255,348
27256,621
27257,173
27258,332
27259,605
27260,158
27261,541
27262,813
27263,366
27264,187
27265,460
27266,12
27267,395
27268,668
27269,221
27270,140
27271,412
27272,0
27273,348
27274,621
27275,173
27276,333
27277,605
27278,158
27279,541
27280,814
27281,366
27282,187
27283,460
27284,12
27285,396
27286,668
27287,221
27288,143
27289,415
27290,0
27291,351
27292,624
27293,176
27294,335
27295,608
27296,160
27297,544
27298,816
27299,369
27300,190
27301,463
27302,15
27303,398
27304,671
27305,223
27306,143
27307,415
27308,0
27309,351
27310,624
27311,176
27312,335
27313,608
27314,160
27315,544
27316,816
27317,369
27318,190
27319,463
27320,15
27321,398
27322,671
27323,223
27324,159
27325,432
27326,0
27327,368
27328,640
27329,193
27330,352
27331,625
27332,177
27333,561
27334,833
27335,386
27336,207
27337,479
27338,32
27339,415
27340,688
27341,240
27342,229
27343,502
27344,54
27345,437
27346,710
27347,263
27348,422
27349,694
27350,247
27351,630
27352,903
27353,455
27354,276
27355,549
27356,102
27357,485
27358,757
27359,310
27360,239
27361,512
27362,65
27363,448
27364,721
27365,273
27366,432
27367,705
27368,257
27369,641
27370,913
27371,466
27372,287
27373,560
27374,112
27375,495
27376,768
27377,320
27378,150
27379,423
27380,0
27381,359
27382,631
27383,184
27384,343
27385,616
27386,168
27387,551
27388,824
27389,376
27390,197
27391,470
27392,23
27393,406
27394,679
27395,231
27396,150
27397,423
27398,0
27399,359
27400,631
27401,184
27402,343
27403,616
27404,168
27405,551
27406,824
27407,377
27408,198
27409,470
27410,23
27411,406
27412,679
27413,231
27414,153
27415,426
27416,0
27417,361
27418,634
27419,187
27420,346
27421,618
27422,171
27423,554
27424,827
27425,379
27426,200
27427,473
27428,26
27429,409
27430,681
27431,234
27432,153
27433,426
27434,0
27435,361
27436,634
27437,187
27438,346
27439,618
27440,171
27441,554
27442,827
27443,379
27444,200
27445,473
27446,26
27447,409
27448,681
27449,234
27450,170
27451,443
27452,0
27453,378
27454,651
27455,204
27456,363
27457,635
27458,188
27459,571
27460,844
27461,396
27462,217
27463,490
27464,42
27465,426
27466,698
27467,251
27468,239
27469,512
27470,65
27471,448
27472,721
27473,273
27474,432
27475,705
27476,257
27477,641
27478,913
27479,466
27480,287
27481,560
27482,112
27483,495
27484,768
27485,320
27486,239
27487,512
27488,65
27489,448
27490,721
27491,273
27492,432
27493,705
27494,257
27495,641
27496,913
27497,466
27498,287
27499,560
27500,112
27501,495
27502,768
27503,320
27504,150
27505,423
27506,0
27507,359
27508,631
27509,184
27510,343
27511,616
27512,168
27513,551
27514,824
27515,376
27516,197
27517,470
27518,23
27519,406
27520,679
27521,231
27522,150
27523,423
27524,0
27525,359
27526,631
27527,184
27528,343
27529,616
27530,168
27531,551
27532,824
27533,377
27534,198
27535,470
27536,23
27537,406
27538,679
27539,231
27540,153
27541,426
27542,0
27543,361
27544,634
27545,187
27546,346
27547,618
27548,171
27549,554
27550,827
27551,379
27552,200
27553,473
27554,26
27555,409
27556,681
27557,234
27558,153
27559,426
27560,0
27561,361
27562,634
27563,187
27564,346
27565,618
27566,171
27567,554
27568,827
27569,379
27570,200
27571,473
27572,26
27573,409
27574,681
27575,234
27576,170
27577,443
27578,0
27579,378
27580,651
27581,204
27582,363
27583,635
27584,188
27585,571
27586,844
27587,396
27588,217
27589,490
27590,42
27591,426
27592,698
27593,251
27594,239
27595,512
27596,65
27597,448
27598,721
27599,273
27600,432
27601,705
27602,257
27603,641
27604,913
27605,466
27606,287
27607,560
27608,112
27609,495
27610,768
27611,320
27612,239
27613,512
27614,65
27615,448
27616,721
27617,273
27618,432
27619,705
27620,257
27621,641
27622,913
27623,466
27624,287
27625,560
27626,112
27627,495
27628,768
27629,320
27630,150
27631,423
27632,0
27633,359
27634,631
27635,184
27636,343
27637,616
27638,168
27639,551
27640,824
27641,376
27642,197
27643,470
27644,23
27645,406
27646,679
27647,231
27648,150
27649,423
27650,0
27651,359
27652,631
27653,184
27654,343
27655,616
27656,168
27657,551
27658,824
27659,377
27660,198
27661,470
27662,23
27663,406
27664,679
27665,231
27666,153
27667,426
27668,0
27669,361
27670,634
27671,187
27672,346
27673,618
27674,171
27675,554
27676,827
27677,379
27678,200
27679,473
27680,26
27681,409
27682,681
27683,234
27684,153
27685,426
27686,0
27687,361
27688,634
27689,187
27690,346
27691,618
27692,171
27693,554
27694,827
27695,379
27696,200
27697,473
27698,26
27699,409
27700,681
27701,234
27702,170
27703,443
27704,0
27705,378
27706,651
27707,204
27708,363
27709,635
27710,188
27711,571
27712,844
27713,396
27714,217
27715,490
27716,42
27717,426
27718,698
27719,251
27720,239
27721,512
27722,65
27723,448
27724,721
27725,273
27726,432
27727,705
27728,257
27729,641
27730,913
27731,466
27732,287
27733,560
27734,112
27735,495
27736,768
27737,320
27738,239
27739,512
27740,65
27741,448
27742,721
27743,273
27744,432
27745,705
27746,257
27747,641
27748,913
27749,466
27750,287
27751,560
27752,112
27753,495
27754,768
27755,320
27756,150
27757,423
27758,0
27759,359
27760,631
27761,184
27762,343
27763,616
27764,168
27765,551
27766,824
27767,376
27768,197
27769,470
27770,23
27771,406
27772,679
27773,231
27774,150
27775,423
27776,0
27777,359
27778,631
27779,184
27780,343
27781,616
27782,168
27783,551
27784,824
27785,377
27786,198
27787,470
27788,23
27789,406
27790,679
27791,231
27792,153
27793,426
27794,0
27795,361
27796,634
27797,187
27798,346
27799,618
27800,171
27801,554
27802,827
27803,379
27804,200
27805,473
27806,26
27807,409
27808,681
27809,234
27810,153
27811,426
27812,0
27813,361
27814,634
27815,187
27816,346
27817,618
27818,171
27819,554
27820,827
27821,379
27822,200
27823,473
27824,26
27825,409
27826,681
27827,234
27828,170
27829,443
27830,0
27831,378
27832,651
27833,204
27834,363
27835,635
27836,188
27837,571
27838,844
27839,396
27840,217
27841,490
27842,42
27843,426
27844,698
27845,251
27846,239
27847,512
27848,65
27849,448
27850,721
27851,273
27852,432
27853,705
27854,257
27855,641
27856,913
27857,466
27858,287
27859,560
27860,112
27861,495
27862,768
27863,320
27864,239
27865,512
27866,65
27867,448
27868,721
27869,273
27870,432
27871,705
27872,257
27873,641
27874,913
27875,466
27876,287
27877,560
27878,112
27879,495
27880,768
27881,320
27882,150
27883,423
27884,0
27885,359
27886,631
27887,184
27888,343
27889,616
27890,168
27891,551
27892,824
27893,376
27894,197
27895,470
27896,23
27897,406
27898,679
27899,231
27900,150
27901,423
27902,0
27903,359
27904,631
27905,184
27906,343
27907,616
27908,168
27909,551
27910,824
27911,377
27912,198
27913,470
27914,23
27915,406
27916,679
27917,231
27918,173
27919,445
27920,0
27921,381
27922,654
27923,206
27924,365
27925,638
27926,191
27927,574
27928,846
27929,399
27930,220
27931,493
27932,45
27933,428
27934,701
27935,254
27936,173
27937,445
27938,0
27939,381
27940,654
27941,206
27942,365
27943,638
27944,191
27945,574
27946,846
27947,399
27948,220
27949,493
27950,45
27951,428
27952,701
27953,254
27954,189
27955,462
27956,15
27957,398
27958,671
27959,223
27960,382
27961,655
27962,207
27963,591
27964,863
27965,416
27966,237
27967,509
27968,62
27969,445
27970,718
27971,270
27972,259
27973,532
27974,84
27975,467
27976,740
27977,293
27978,452
27979,724
27980,277
27981,660
27982,933
27983,485
27984,306
27985,579
27986,132
27987,515
27988,787
27989,340
27990,259
27991,532
27992,84
27993,467
27994,740
27995,293
27996,452
27997,724
27998,277
27999,660
28000,933
28001,485
28002,306
28003,579
28004,132
28005,515
28006,787
28007,340
28008,170
28009,442
28010,0
28011,378
28012,651
28013,203
28014,362
28015,635
28016,188
28017,571
28018,843
28019,396
28020,217
28021,490
28022,42
28023,425
28024,698
28025,251
28026,170
28027,442
28028,0
28029,378
28030,651
28031,203
28032,363
28033,635
28034,188
28035,571
28036,844
28037,396
28038,217
28039,490
28040,42
28041,426
28042,698
28043,251
28044,173
28045,445
28046,0
28047,381
28048,654
28049,206
28050,365
28051,638
28052,191
28053,574
28054,846
28055,399
28056,220
28057,493
28058,45
28059,428
28060,701
28061,254
28062,173
28063,445
28064,0
28065,381
28066,654
28067,206
28068,365
28069,638
28070,191
28071,574
28072,846
28073,399
28074,220
28075,493
28076,45
28077,428
28078,701
28079,254
28080,189
28081,462
28082,15
28083,398
28084,671
28085,223
28086,382
28087,655
28088,207
28089,591
28090,863
28091,416
28092,237
28093,509
28094,62
28095,445
28096,718
28097,270
28098,259
28099,532
28100,84
28101,467
28102,740
28103,293
28104,452
28105,724
28106,277
28107,660
28108,933
28109,485
28110,306
28111,579
28112,132
28113,515
28114,787
28115,340
28116,259
28117,532
28118,84
28119,467
28120,740
28121,293
28122,452
28123,724
28124,277
28125,660
28126,933
28127,485
28128,306
28129,579
28130,132
28131,515
28132,787
28133,340
28134,170
28135,442
28136,0
28137,378
28138,651
28139,203
28140,362
28141,635
28142,188
28143,571
28144,843
28145,396
28146,217
28147,490
28148,42
28149,425
28150,698
28151,251
28152,170
28153,442
28154,0
28155,378
28156,651
28157,203
28158,363
28159,635
28160,188
28161,571
28162,844
28163,396
28164,217
28165,490
28166,42
28167,426
28168,698
28169,251
28170,173
28171,445
28172,0
28173,381
28174,654
28175,206
28176,365
28177,638
28178,191
28179,574
28180,846
28181,399
28182,220
28183,493
28184,45
28185,428
28186,701
28187,254
28188,173
28189,445
28190,0
28191,381
28192,654
28193,206
28194,365
28195,638
28196,191
28197,574
28198,846
28199,399
28200,220
28201,493
28202,45
28203,428
28204,701
28205,254
28206,189
28207,462
28208,15
28209,398
28210,671
28211,223
28212,382
28213,655
28214,207
28215,591
28216,863
28217,416
28218,237
28219,509
28220,62
28221,445
28222,718
28223,270
28224,259
28225,532
28226,84
28227,467
28228,740
28229,293
28230,452
28231,724
28232,277
28233,660
28234,933
28235,485
28236,306
28237,579
28238,132
28239,515
28240,787
28241,340
28242,259
28243,532
28244,84
28245,467
28246,740
28247,293
28248,452
28249,724
28250,277
28251,660
28252,933
28253,485
28254,306
28255,579
28256,132
28257,515
28258,787
28259,340
28260,170
28261,442
28262,0
28263,378
28264,651
28265,203
28266,362
28267,635
28268,188
28269,571
28270,843
28271,396
28272,217
28273,490
28274,42
28275,425
28276,698
28277,251
28278,170
28279,442
28280,0
28281,378
28282,651
28283,203
28284,363
28285,635
28286,188
28287,571
28288,844
28289,396
28290,217
28291,490
28292,42
28293,426
28294,698
28295,251
28296,173
28297,445
28298,0
28299,381
28300,654
28301,206
28302,365
28303,638
28304,191
28305,574
28306,846
28307,399
28308,220
28309,493
28310,45
28311,428
28312,701
28313,254
28314,173
28315,445
28316,0
28317,381
28318,654
28319,206
28320,365
28321,638
28322,191
28323,574
28324,846
28325,399
28326,220
28327,493
28328,45
28329,428
28330,701
28331,254
28332,189
28333,462
28334,15
28335,398
28336,671
28337,223
28338,382
28339,655
28340,207
28341,591
28342,863
28343,416
28344,237
28345,509
28346,62
28347,445
28348,718
28349,270
28350,259
28351,532
28352,84
28353,467
28354,740
28355,293
28356,452
28357,724
28358,277
28359,660
28360,933
28361,485
28362,306
28363,579
28364,132
28365,515
28366,787
28367,340
28368,259
28369,532
28370,84
28371,467
28372,740
28373,293
28374,452
28375,724
28376,277
28377,660
28378,933
28379,485
28380,306
28381,579
28382,132
28383,515
28384,787
28385,340
28386,170
28387,442
28388,0
28389,378
28390,651
28391,203
28392,362
28393,635
28394,188
28395,571
28396,843
28397,396
28398,217
28399,490
28400,42
28401,425
28402,698
28403,251
28404,170
28405,442
28406,0
28407,378
28408,651
28409,203
28410,363
28411,635
28412,188
28413,571
28414,844
28415,396
28416,217
28417,490
28418,42
28419,426
28420,698
28421,251
28422,173
28423,445
28424,0
28425,381
28426,654
28427,206
28428,365
28429,638
28430,191
28431,574
28432,846
28433,399
28434,220
28435,493
28436,45
28437,428
28438,701
28439,254
28440,173
28441,445
28442,0
28443,381
28444,654
28445,206
28446,365
28447,638
28448,191
28449,574
28450,846
28451,399
28452,220
28453,493
28454,45
28455,428
28456,701
28457,254
28458,172
28459,444
28460,0
28461,380
28462,653
28463,205
28464,364
28465,637
28466,190
28467,573
28468,845
28469,398
28470,219
28471,492
28472,44
28473,427
28474,700
28475,253
28476,241
28477,514
28478,66
28479,450
28480,722
28481,275
28482,434
28483,707
28484,259
28485,642
28486,915
28487,468
28488,288
28489,561
28490,114
28491,497
28492,770
28493,322
28494,241
28495,514
28496,66
28497,450
28498,722
28499,275
28500,434
28501,707
28502,259
28503,642
28504,915
28505,468
28506,288
28507,561
28508,114
28509,497
28510,770
28511,322
28512,152
28513,424
28514,0
28515,360
28516,633
28517,185
28518,345
28519,617
28520,170
28521,553
28522,826
28523,378
28524,199
28525,472
28526,24
28527,408
28528,680
28529,233
28530,152
28531,425
28532,0
28533,360
28534,633
28535,186
28536,345
28537,617
28538,170
28539,553
28540,826
28541,378
28542,199
28543,472
28544,24
28545,408
28546,680
28547,233
28548,155
28549,427
28550,0
28551,363
28552,636
28553,188
28554,347
28555,620
28556,173
28557,556
28558,829
28559,381
28560,202
28561,475
28562,27
28563,410
28564,683
28565,236
28566,155
28567,427
28568,0
28569,363
28570,636
28571,188
28572,347
28573,620
28574,173
28575,556
28576,829
28577,381
28578,202
28579,475
28580,27
28581,410
28582,683
28583,236
28584,172
28585,444
28586,0
28587,380
28588,653
28589,205
28590,364
28591,637
28592,190
28593,573
28594,845
28595,398
28596,219
28597,492
28598,44
28599,427
28600,700
28601,253
28602,241
28603,514
28604,66
28605,450
28606,722
28607,275
28608,434
28609,707
28610,259
28611,642
28612,915
28613,468
28614,288
28615,561
28616,114
28617,497
28618,770
28619,322
28620,241
28621,514
28622,66
28623,450
28624,722
28625,275
28626,434
28627,707
28628,259
28629,642
28630,915
28631,468
28632,288
28633,561
28634,114
28635,497
28636,770
28637,322
28638,152
28639,424
28640,0
28641,360
28642,633
28643,185
28644,345
28645,617
28646,170
28647,553
28648,826
28649,378
28650,199
28651,472
28652,24
28653,408
28654,680
28655,233
28656,152
28657,425
28658,0
28659,360
28660,633
28661,186
28662,345
28663,617
28664,170
28665,553
28666,826
28667,378
28668,199
28669,472
28670,24
28671,408
28672,680
28673,233
28674,155
28675,427
28676,0
28677,363
28678,636
28679,188
28680,347
28681,620
28682,173
28683,556
28684,829
28685,381
28686,202
28687,475
28688,27
28689,410
28690,683
28691,236
28692,155
28693,427
28694,0
28695,363
28696,636
28697,188
28698,347
28699,620
28700,173
28701,556
28702,829
28703,381
28704,202
28705,475
28706,27
28707,410
28708,683
28709,236
28710,172
28711,444
28712,0
28713,380
28714,653
28715,205
28716,364
28717,637
28718,190
28719,573
28720,845
28721,398
28722,219
28723,492
28724,44
28725,427
28726,700
28727,253
28728,241
28729,514
28730,66
28731,450
28732,722
28733,275
28734,434
28735,707
28736,259
28737,642
28738,915
28739,468
28740,288
28741,561
28742,114
28743,497
28744,770
28745,322
28746,241
28747,514
28748,66
28749,450
28750,722
28751,275
28752,434
28753,707
28754,259
28755,642
28756,915
28757,468
28758,288
28759,561
28760,114
28761,497
28762,770
28763,322
28764,152
28765,424
28766,0
28767,360
28768,633
28769,185
28770,345
28771,617
28772,170
28773,553
28774,826
28775,378
28776,199
28777,472
28778,24
28779,408
28780,680
28781,233
28782,152
28783,425
28784,0
28785,360
28786,633
28787,186
28788,345
28789,617
28790,170
28791,553
28792,826
28793,378
28794,199
28795,472
28796,24
28797,408
28798,680
28799,233
28800,155
28801,427
28802,0
28803,363
28804,636
28805,188
28806,347
28807,620
28808,173
28809,556
28810,829
28811,381
28812,202
28813,475
28814,27
28815,410
28816,683
28817,236
28818,155
28819,427
28820,0
28821,363
28822,636
28823,188
28824,347
28825,620
28826,173
28827,556
28828,829
28829,381
28830,202
28831,475
28832,27
28833,410
28834,683
28835,236
28836,172
28837,444
28838,0
28839,380
28840,653
28841,205
28842,364
28843,637
28844,190
28845,573
28846,845
28847,398
28848,219
28849,492
28850,44
28851,427
28852,700
28853,253
28854,241
28855,514
28856,66
28857,450
28858,722
28859,275
28860,434
28861,707
28862,259
28863,642
28864,915
28865,468
28866,288
28867,561
28868,114
28869,497
28870,770
28871,322
28872,241
28873,514
28874,66
28875,450
28876,722
28877,275
28878,434
28879,707
28880,259
28881,642
28882,915
28883,468
28884,288
28885,561
28886,114
28887,497
28888,770
28889,322
28890,152
28891,424
28892,0
28893,360
28894,633
28895,185
28896,345
28897,617
28898,170
28899,553
28900,826
28901,378
28902,199
28903,472
28904,24
28905,408
28906,680
28907,233
28908,152
28909,425
28910,0
28911,360
28912,633
28913,186
28914,345
28915,617
28916,170
28917,553
28918,826
28919,378
28920,199
28921,472
28922,24
28923,408
28924,680
28925,233
28926,155
28927,427
28928,0
28929,363
28930,636
28931,188
28932,347
28933,620
28934,173
28935,556
28936,829
28937,381
28938,202
28939,475
28940,27
28941,410
28942,683
28943,236
28944,155
28945,427
28946,0
28947,363
28948,636
28949,188
28950,347
28951,620
28952,173
28953,556
28954,829
28955,381
28956,202
28957,475
28958,27
28959,410
28960,683
28961,236
28962,172
28963,444
28964,0
28965,380
28966,653
28967,205
28968,364
28969,637
28970,190
28971,573
28972,845
28973,398
28974,219
28975,492
28976,44
28977,427
28978,700
28979,253
28980,241
28981,514
28982,66
28983,450
28984,722
28985,275
28986,434
28987,707
28988,259
28989,642
28990,915
28991,468
28992,288
28993,561
28994,114
28995,497
28996,770
28997,322
28998,241
28999,514
29000,66
29001,450
29002,722
29003,275
29004,434
29005,707
29006,259
29007,642
29008,915
29009,468
29010,288
29011,561
29012,114
29013,497
29014,770
29015,322
29016,116
29017,388
29018,0
29019,324
29020,597
29021,149
29022,309
29023,581
29024,134
29025,517
29026,790
29027,342
29028,163
29029,436
29030,0
29031,372
29032,644
29033,197
29034,116
29035,389
29036,0
29037,324
29038,597
29039,150
29040,309
29041,581
29042,134
29043,517
29044,790
29045,342
29046,163
29047,436
29048,0
29049,372
29050,644
29051,197
29052,119
29053,391
29054,0
29055,327
29056,600
29057,152
29058,312
29059,584
29060,137
29061,520
29062,793
29063,345
29064,166
29065,439
29066,0
29067,375
29068,647
29069,200
29070,119
29071,391
29072,0
29073,327
29074,600
29075,152
29076,312
29077,584
29078,137
29079,520
29080,793
29081,345
29082,166
29083,439
29084,0
29085,375
29086,647
29087,200
29088,136
29089,408
29090,0
29091,344
29092,617
29093,169
29094,328
29095,601
29096,154
29097,537
29098,810
29099,362
29100,183
29101,456
29102,8
29103,391
29104,664
29105,217
29106,205
29107,478
29108,30
29109,414
29110,686
29111,239
29112,398
29113,671
29114,223
29115,606
29116,879
29117,432
29118,253
29119,525
29120,78
29121,461
29122,734
29123,286
29124,205
29125,478
29126,30
29127,414
29128,686
29129,239
29130,398
29131,671
29132,223
29133,606
29134,879
29135,432
29136,253
29137,525
29138,78
29139,461
29140,734
29141,286
29142,116
29143,388
29144,0
29145,324
29146,597
29147,149
29148,309
29149,581
29150,134
29151,517
29152,790
29153,342
29154,163
29155,436
29156,0
29157,372
29158,644
29159,197
29160,116
29161,389
29162,0
29163,324
29164,597
29165,150
29166,309
29167,581
29168,134
29169,517
29170,790
29171,342
29172,163
29173,436
29174,0
29175,372
29176,644
29177,197
29178,119
29179,391
29180,0
29181,327
29182,600
29183,152
29184,312
29185,584
29186,137
29187,520
29188,793
29189,345
29190,166
29191,439
29192,0
29193,375
29194,647
29195,200
29196,119
29197,391
29198,0
29199,327
29200,600
29201,152
29202,312
29203,584
29204,137
29205,520
29206,793
29207,345
29208,166
29209,439
29210,0
29211,375
29212,647
29213,200
29214,136
29215,408
29216,0
29217,344
29218,617
29219,169
29220,328
29221,601
29222,154
29223,537
29224,810
29225,362
29226,183
29227,456
29228,8
29229,391
29230,664
29231,217
29232,205
29233,478
29234,30
29235,414
29236,686
29237,239
29238,398
29239,671
29240,223
29241,606
29242,879
29243,432
29244,253
29245,525
29246,78
29247,461
29248,734
29249,286
29250,205
29251,478
29252,30
29253,414
29254,686
29255,239
29256,398
29257,671
29258,223
29259,606
29260,879
29261,432
29262,253
29263,525
29264,78
29265,461
29266,734
29267,286
29268,116
29269,388
29270,0
29271,324
29272,597
29273,149
29274,309
29275,581
29276,134
29277,517
29278,790
29279,342
29280,163
29281,436
29282,0
29283,372
29284,644
29285,197
29286,116
29287,389
29288,0
29289,324
29290,597
29291,150
29292,309
29293,581
29294,134
29295,517
29296,790
29297,342
29298,163
29299,436
29300,0
29301,372
29302,644
29303,197
29304,119
29305,391
29306,0
29307,327
29308,600
29309,152
29310,312
29311,584
29312,137
29313,520
29314,793
29315,345
29316,166
29317,439
29318,0
29319,375
29320,647
29321,200
29322,119
29323,391
29324,0
29325,327
29326,600
29327,152
29328,312
29329,584
29330,137
29331,520
29332,793
29333,345
29334,166
29335,439
29336,0
29337,375
29338,647
29339,200
29340,136
29341,408
29342,0
29343,344
29344,617
29345,169
29346,328
29347,601
29348,154
29349,537
29350,810
29351,362
29352,183
29353,456
29354,8
29355,391
29356,664
29357,217
29358,205
29359,478
29360,30
29361,414
29362,686
29363,239
29364,398
29365,671
29366,223
29367,606
29368,879
29369,432
29370,253
29371,525
29372,78
29373,461
29374,734
29375,286
29376,205
29377,478
29378,30
29379,414
29380,686
29381,239
29382,398
29383,671
29384,223
29385,606
29386,879
29387,432
29388,253
29389,525
29390,78
29391,461
29392,734
29393,286
29394,116
29395,388
29396,0
29397,324
29398,597
29399,149
29400,309
29401,581
29402,134
29403,517
29404,790
29405,342
29406,163
29407,436
29408,0
29409,372
29410,644
29411,197
29412,116
29413,389
29414,0
29415,324
29416,597
29417,150
29418,309
29419,581
29420,134
29421,517
29422,790
29423,342
29424,163
29425,436
29426,0
29427,372
29428,644
29429,197
29430,119
29431,391
29432,0
29433,327
29434,600
29435,152
29436,312
29437,584
29438,137
29439,520
29440,793
29441,345
29442,166
29443,439
29444,0
29445,375
29446,647
29447,200
29448,119
29449,391
29450,0
29451,327
29452,600
29453,152
29454,312
29455,584
29456,137
29457,520
29458,793
29459,345
29460,166
29461,439
29462,0
29463,375
29464,647
29465,200
29466,136
29467,408
29468,0
29469,344
29470,617
29471,169
29472,328
29473,601
29474,154
29475,537
29476,810
29477,362
29478,183
29479,456
29480,8
29481,391
29482,664
29483,217
29484,205
29485,478
29486,30
29487,414
29488,686
29489,239
29490,398
29491,671
29492,223
29493,606
29494,879
29495,432
29496,253
29497,525
29498,78
29499,461
29500,734
29501,286
29502,205
29503,478
29504,30
29505,414
29506,686
29507,239
29508,398
29509,671
29510,223
29511,606
29512,879
29513,432
29514,253
29515,525
29516,78
29517,461
29518,734
29519,286
29520,116
29521,388
29522,0
29523,324
29524,597
29525,149
29526,309
29527,581
29528,134
29529,517
29530,790
29531,342
29532,163
29533,436
29534,0
29535,372
29536,644
29537,197
29538,116
29539,389
29540,0
29541,324
29542,597
29543,150
29544,309
29545,581
29546,134
29547,517
29548,790
29549,342
29550,163
29551,436
29552,0
29553,372
29554,644
29555,197
29556,83
29557,356
29558,0
29559,292
29560,564
29561,117
29562,276
29563,549
29564,101
29565,484
29566,757
29567,310
29568,131
29569,403
29570,0
29571,339
29572,612
29573,164
29574,83
29575,356
29576,0
29577,292
29578,564
29579,117
29580,276
29581,549
29582,101
29583,484
29584,757
29585,310
29586,131
29587,403
29588,0
29589,339
29590,612
29591,164
29592,100
29593,373
29594,0
29595,308
29596,581
29597,134
29598,293
29599,565
29600,118
29601,501
29602,774
29603,326
29604,147
29605,420
29606,0
29607,356
29608,628
29609,181
29610,170
29611,442
29612,0
29613,378
29614,651
29615,203
29616,362
29617,635
29618,188
29619,571
29620,843
29621,396
29622,217
29623,490
29624,42
29625,425
29626,698
29627,251
29628,170
29629,442
29630,0
29631,378
29632,651
29633,203
29634,362
29635,635
29636,188
29637,571
29638,843
29639,396
29640,217
29641,490
29642,42
29643,425
29644,698
29645,251
29646,80
29647,353
29648,0
29649,289
29650,561
29651,114
29652,273
29653,546
29654,98
29655,481
29656,754
29657,307
29658,128
29659,400
29660,0
29661,336
29662,609
29663,161
29664,80
29665,353
29666,0
29667,289
29668,561
29669,114
29670,273
29671,546
29672,98
29673,482
29674,754
29675,307
29676,128
29677,400
29678,0
29679,336
29680,609
29681,161
29682,83
29683,356
29684,0
29685,292
29686,564
29687,117
29688,276
29689,549
29690,101
29691,484
29692,757
29693,310
29694,131
29695,403
29696,0
29697,339
29698,612
29699,164
29700,83
29701,356
29702,0
29703,292
29704,564
29705,117
29706,276
29707,549
29708,101
29709,484
29710,757
29711,310
29712,131
29713,403
29714,0
29715,339
29716,612
29717,164
29718,100
29719,373
29720,0
29721,308
29722,581
29723,134
29724,293
29725,565
29726,118
29727,501
29728,774
29729,326
29730,147
29731,420
29732,0
29733,356
29734,628
29735,181
29736,170
29737,442
29738,0
29739,378
29740,651
29741,203
29742,362
29743,635
29744,188
29745,571
29746,843
29747,396
29748,217
29749,490
29750,42
29751,425
29752,698
29753,251
29754,170
29755,442
29756,0
29757,378
29758,651
29759,203
29760,362
29761,635
29762,188
29763,571
29764,843
29765,396
29766,217
29767,490
29768,42
29769,425
29770,698
29771,251
29772,80
29773,353
29774,0
29775,289
29776,561
29777,114
29778,273
29779,546
29780,98
29781,481
29782,754
29783,307
29784,128
29785,400
29786,0
29787,336
29788,609
29789,161
29790,80
29791,353
29792,0
29793,289
29794,561
29795,114
29796,273
29797,546
29798,98
29799,482
29800,754
29801,307
29802,128
29803,400
29804,0
29805,336
29806,609
29807,161
29808,83
29809,356
29810,0
29811,292
29812,564
29813,117
29814,276
29815,549
29816,101
29817,484
29818,757
29819,310
29820,131
29821,403
29822,0
29823,339
29824,612
29825,164
29826,83
29827,356
29828,0
29829,292
29830,564
29831,117
29832,276
29833,549
29834,101
29835,484
29836,757
29837,310
29838,131
29839,403
29840,0
29841,339
29842,612
29843,164
29844,100
29845,373
29846,0
29847,308
29848,581
29849,134
29850,293
29851,565
29852,118
29853,501
29854,774
29855,326
29856,147
29857,420
29858,0
29859,356
29860,628
29861,181
29862,170
29863,442
29864,0
29865,378
29866,651
29867,203
29868,362
29869,635
29870,188
29871,571
29872,843
29873,396
29874,217
29875,490
29876,42
29877,425
29878,698
29879,251
29880,170
29881,442
29882,0
29883,378
29884,651
29885,203
29886,362
29887,635
29888,188
29889,571
29890,843
29891,396
29892,217
29893,490
29894,42
29895,425
29896,698
29897,251
29898,80
29899,353
29900,0
29901,289
29902,561
29903,114
29904,273
29905,546
29906,98
29907,481
29908,754
29909,307
29910,128
29911,400
29912,0
29913,336
29914,609
29915,161
29916,80
29917,353
29918,0
29919,289
29920,561
29921,114
29922,273
29923,546
29924,98
29925,482
29926,754
29927,307
29928,128
29929,400
29930,0
29931,336
29932,609
29933,161
29934,83
29935,356
29936,0
29937,292
29938,564
29939,117
29940,276
29941,549
29942,101
29943,484
29944,757
29945,310
29946,131
29947,403
29948,0
29949,339
29950,612
29951,164
29952,83
29953,356
29954,0
29955,292
29956,564
29957,117
29958,276
29959,549
29960,101
29961,484
29962,757
29963,310
29964,131
29965,403
29966,0
29967,339
29968,612
29969,164
29970,100
29971,373
29972,0
29973,308
29974,581
29975,134
29976,293
29977,565
29978,118
29979,501
29980,774
29981,326
29982,147
29983,420
29984,0
29985,356
29986,628
29987,181
29988,170
29989,442
29990,0
29991,378
29992,651
29993,203
29994,362
29995,635
29996,188
29997,571
29998,843
29999,396
30000,217
30001,490
30002,42
30003,425
30004,698
30005,251
30006,170
30007,442
30008,0
30009,378
30010,651
30011,203
30012,362
30013,635
30014,188
30015,571
30016,843
30017,396
30018,217
30019,490
30020,42
30021,425
30022,698
30023,251
30024,80
30025,353
30026,0
30027,289
30028,561
30029,114
30030,273
30031,546
30032,98
30033,481
30034,754
30035,307
30036,128
30037,400
30038,0
30039,336
30040,609
30041,161
30042,80
30043,353
30044,0
30045,289
30046,561
30047,114
30048,273
30049,546
30050,98
30051,482
30052,754
30053,307
30054,128
30055,400
30056,0
30057,336
30058,609
30059,161
30060,83
30061,356
30062,0
30063,292
30064,564
30065,117
30066,276
30067,549
30068,101
30069,484
30070,757
30071,310
30072,131
30073,403
30074,0
30075,339
30076,612
30077,164
30078,83
30079,356
30080,0
30081,292
30082,564
30083,117
30084,276
30085,549
30086,101
30087,484
30088,757
30089,310
30090,131
30091,403
30092,0
30093,339
30094,612
30095,164
30096,100
30097,373
30098,0
30099,308
30100,581
30101,134
30102,293
30103,565
30104,118
30105,501
30106,774
30107,326
30108,147
30109,420
30110,0
30111,356
30112,628
30113,181
30114,156
30115,428
30116,0
30117,364
30118,637
30119,189
30120,348
30121,621
30122,173
30123,557
30124,829
30125,382
30126,203
30127,476
30128,28
30129,411
30130,684
30131,236
30132,156
30133,428
30134,0
30135,364
30136,637
30137,189
30138,348
30139,621
30140,173
30141,557
30142,829
30143,382
30144,203
30145,476
30146,28
30147,411
30148,684
30149,236
30150,66
30151,339
30152,0
30153,275
30154,547
30155,100
30156,259
30157,532
30158,84
30159,467
30160,740
30161,293
30162,113
30163,386
30164,0
30165,322
30166,595
30167,147
30168,66
30169,339
30170,0
30171,275
30172,547
30173,100
30174,259
30175,532
30176,84
30177,467
30178,740
30179,293
30180,114
30181,386
30182,0
30183,322
30184,595
30185,147
30186,69
30187,342
30188,0
30189,278
30190,550
30191,103
30192,262
30193,535
30194,87
30195,470
30196,743
30197,295
30198,116
30199,389
30200,0
30201,325
30202,598
30203,150
30204,69
30205,342
30206,0
30207,278
30208,550
30209,103
30210,262
30211,535
30212,87
30213,470
30214,743
30215,295
30216,116
30217,389
30218,0
30219,325
30220,598
30221,150
30222,86
30223,359
30224,0
30225,294
30226,567
30227,120
30228,279
30229,551
30230,104
30231,487
30232,760
30233,312
30234,133
30235,406
30236,0
30237,342
30238,614
30239,167
30240,156
30241,428
30242,0
30243,364
30244,637
30245,189
30246,348
30247,621
30248,173
30249,557
30250,829
30251,382
30252,203
30253,476
30254,28
30255,411
30256,684
30257,236
30258,156
30259,428
30260,0
30261,364
30262,637
30263,189
30264,348
30265,621
30266,173
30267,557
30268,829
30269,382
30270,203
30271,476
30272,28
30273,411
30274,684
30275,236
30276,66
30277,339
30278,0
30279,275
30280,547
30281,100
30282,259
30283,532
30284,84
30285,467
30286,740
30287,293
30288,113
30289,386
30290,0
30291,322
30292,595
30293,147
30294,66
30295,339
30296,0
30297,275
30298,547
30299,100
30300,259
30301,532
30302,84
30303,467
30304,740
30305,293
30306,114
30307,386
30308,0
30309,322
30310,595
30311,147
30312,69
30313,342
30314,0
30315,278
30316,550
30317,103
30318,262
30319,535
30320,87
30321,470
30322,743
30323,295
30324,116
30325,389
30326,0
30327,325
30328,598
30329,150
30330,69
30331,342
30332,0
30333,278
30334,550
30335,103
30336,262
30337,535
30338,87
30339,470
30340,743
30341,295
30342,116
30343,389
30344,0
30345,325
30346,598
30347,150
30348,86
30349,359
30350,0
30351,294
30352,567
30353,120
30354,279
30355,551
30356,104
30357,487
30358,760
30359,312
30360,133
30361,406
30362,0
30363,342
30364,614
30365,167
30366,156
30367,428
30368,0
30369,364
30370,637
30371,189
30372,348
30373,621
30374,173
30375,557
30376,829
30377,382
30378,203
30379,476
30380,28
30381,411
30382,684
30383,236
30384,156
30385,428
30386,0
30387,364
30388,637
30389,189
30390,348
30391,621
30392,173
30393,557
30394,829
30395,382
30396,203
30397,476
30398,28
30399,411
30400,684
30401,236
30402,66
30403,339
30404,0
30405,275
30406,547
30407,100
30408,259
30409,532
30410,84
30411,467
30412,740
30413,293
30414,113
30415,386
30416,0
30417,322
30418,595
30419,147
30420,66
30421,339
30422,0
30423,275
30424,547
30425,100
30426,259
30427,532
30428,84
30429,467
30430,740
30431,293
30432,114
30433,386
30434,0
30435,322
30436,595
30437,147
30438,69
30439,342
30440,0
30441,278
30442,550
30443,103
30444,262
30445,535
30446,87
30447,470
30448,743
30449,295
30450,116
30451,389
30452,0
30453,325
30454,598
30455,150
30456,69
30457,342
30458,0
30459,278
30460,550
30461,103
30462,262
30463,535
30464,87
30465,470
30466,743
30467,295
30468,116
30469,389
30470,0
30471,325
30472,598
30473,150
30474,86
30475,359
30476,0
30477,294
30478,567
30479,120
30480,279
30481,551
30482,104
30483,487
30484,760
30485,312
30486,133
30487,406
30488,0
30489,342
30490,614
30491,167
30492,156
30493,428
30494,0
30495,364
30496,637
30497,189
30498,348
30499,621
30500,173
30501,557
30502,829
30503,382
30504,203
30505,476
30506,28
30507,411
30508,684
30509,236
30510,156
30511,428
30512,0
30513,364
30514,637
30515,189
30516,348
30517,621
30518,173
30519,557
30520,829
30521,382
30522,203
30523,476
30524,28
30525,411
30526,684
30527,236
30528,66
30529,339
30530,0
30531,275
30532,547
30533,100
30534,259
30535,532
30536,84
30537,467
30538,740
30539,293
30540,113
30541,386
30542,0
30543,322
30544,595
30545,147
30546,66
30547,339
30548,0
30549,275
30550,547
30551,100
30552,259
30553,532
30554,84
30555,467
30556,740
30557,293
30558,114
30559,386
30560,0
30561,322
30562,595
30563,147
30564,69
30565,342
30566,0
30567,278
30568,550
30569,103
30570,262
30571,535
30572,87
30573,470
30574,743
30575,295
30576,116
30577,389
30578,0
30579,325
30580,598
30581,150
30582,69
30583,342
30584,0
30585,278
30586,550
30587,103
30588,262
30589,535
30590,87
30591,470
30592,743
30593,295
30594,116
30595,389
30596,0
30597,325
30598,598
30599,150
30600,86
30601,359
30602,0
30603,294
30604,567
30605,120
30606,279
30607,551
30608,104
30609,487
30610,760
30611,312
30612,133
30613,406
30614,0
30615,342
30616,614
30617,167
30618,156
30619,428
30620,0
30621,364
30622,637
30623,189
30624,348
30625,621
30626,173
30627,557
30628,829
30629,382
30630,203
30631,476
30632,28
30633,411
30634,684
30635,236
30636,156
30637,428
30638,0
30639,364
30640,637
30641,189
30642,348
30643,621
30644,173
30645,557
30646,829
30647,382
30648,203
30649,476
30650,28
30651,411
30652,684
30653,236
30654,66
30655,339
30656,0
30657,275
30658,547
30659,100
30660,259
30661,532
30662,84
30663,467
30664,740
30665,293
30666,113
30667,386
30668,0
30669,322
30670,595
30671,147
30672,61
30673,334
30674,0
30675,269
30676,542
30677,95
30678,254
30679,527
30680,79
30681,462
30682,735
30683,287
30684,108
30685,381
30686,0
30687,317
30688,590
30689,142
30690,64
30691,337
30692,0
30693,272
30694,545
30695,97
30696,257
30697,529
30698,82
30699,465
30700,738
30701,290
30702,111
30703,384
30704,0
30705,320
30706,592
30707,145
30708,64
30709,337
30710,0
30711,272
30712,545
30713,97
30714,257
30715,529
30716,82
30717,465
30718,738
30719,290
30720,111
30721,384
30722,0
30723,320
30724,592
30725,145
30726,81
30727,353
30728,0
30729,289
30730,562
30731,114
30732,273
30733,546
30734,99
30735,482
30736,755
30737,307
30738,128
30739,401
30740,0
30741,336
30742,609
30743,162
30744,150
30745,423
30746,0
30747,359
30748,631
30749,184
30750,343
30751,616
30752,168
30753,551
30754,824
30755,377
30756,198
30757,470
30758,23
30759,406
30760,679
30761,231
30762,150
30763,423
30764,0
30765,359
30766,631
30767,184
30768,343
30769,616
30770,168
30771,551
30772,824
30773,377
30774,198
30775,470
30776,23
30777,406
30778,679
30779,231
30780,61
30781,334
30782,0
30783,269
30784,542
30785,95
30786,254
30787,526
30788,79
30789,462
30790,735
30791,287
30792,108
30793,381
30794,0
30795,317
30796,589
30797,142
30798,61
30799,334
30800,0
30801,269
30802,542
30803,95
30804,254
30805,527
30806,79
30807,462
30808,735
30809,287
30810,108
30811,381
30812,0
30813,317
30814,590
30815,142
30816,64
30817,337
30818,0
30819,272
30820,545
30821,97
30822,257
30823,529
30824,82
30825,465
30826,738
30827,290
30828,111
30829,384
30830,0
30831,320
30832,592
30833,145
30834,64
30835,337
30836,0
30837,272
30838,545
30839,97
30840,257
30841,529
30842,82
30843,465
30844,738
30845,290
30846,111
30847,384
30848,0
30849,320
30850,592
30851,145
30852,81
30853,353
30854,0
30855,289
30856,562
30857,114
30858,273
30859,546
30860,99
30861,482
30862,755
30863,307
30864,128
30865,401
30866,0
30867,336
30868,609
30869,162
30870,150
30871,423
30872,0
30873,359
30874,631
30875,184
30876,343
30877,616
30878,168
30879,551
30880,824
30881,377
30882,198
30883,470
30884,23
30885,406
30886,679
30887,231
30888,150
30889,423
30890,0
30891,359
30892,631
30893,184
30894,343
30895,616
30896,168
30897,551
30898,824
30899,377
30900,198
30901,470
30902,23
30903,406
30904,679
30905,231
30906,61
30907,334
30908,0
30909,269
30910,542
30911,95
30912,254
30913,526
30914,79
30915,462
30916,735
30917,287
30918,108
30919,381
30920,0
30921,317
30922,589
30923,142
30924,61
30925,334
30926,0
30927,269
30928,542
30929,95
30930,254
30931,527
30932,79
30933,462
30934,735
30935,287
30936,108
30937,381
30938,0
30939,317
30940,590
30941,142
30942,64
30943,337
30944,0
30945,272
30946,545
30947,97
30948,257
30949,529
30950,82
30951,465
30952,738
30953,290
30954,111
30955,384
30956,0
30957,320
30958,592
30959,145
30960,64
30961,337
30962,0
30963,272
30964,545
30965,97
30966,257
30967,529
30968,82
30969,465
30970,738
30971,290
30972,111
30973,384
30974,0
30975,320
30976,592
30977,145
30978,81
30979,353
30980,0
30981,289
30982,562
30983,114
30984,273
30985,546
30986,99
30987,482
30988,755
30989,307
30990,128
30991,401
30992,0
30993,336
30994,609
30995,162
30996,150
30997,423
30998,0
30999,359
31000,631
31001,184
31002,343
31003,616
31004,168
31005,551
31006,824
31007,377
31008,198
31009,470
31010,23
31011,406
31012,679
31013,231
31014,150
31015,423
31016,0
31017,359
31018,631
31019,184
31020,343
31021,616
31022,168
31023,551
31024,824
31025,377
31026,198
31027,470
31028,23
31029,406
31030,679
31031,231
31032,61
31033,334
31034,0
31035,269
31036,542
31037,95
31038,254
31039,526
31040,79
31041,462
31042,735
31043,287
31044,108
31045,381
31046,0
31047,317
31048,589
31049,142
31050,61
31051,334
31052,0
31053,269
31054,542
31055,95
31056,254
31057,527
31058,79
31059,462
31060,735
31061,287
31062,108
31063,381
31064,0
31065,317
31066,590
31067,142
31068,64
31069,337
31070,0
31071,272
31072,545
31073,97
31074,257
31075,529
31076,82
31077,465
31078,738
31079,290
31080,111
31081,384
31082,0
31083,320
31084,592
31085,145
31086,64
31087,337
31088,0
31089,272
31090,545
31091,97
31092,257
31093,529
31094,82
31095,465
31096,738
31097,290
31098,111
31099,384
31100,0
31101,320
31102,592
31103,145
31104,81
31105,353
31106,0
31107,289
31108,562
31109,114
31110,273
31111,546
31112,99
31113,482
31114,755
31115,307
31116,128
31117,401
31118,0
31119,336
31120,609
31121,162
31122,150
31123,423
31124,0
31125,359
31126,631
31127,184
31128,343
31129,616
31130,168
31131,551
31132,824
31133,377
31134,198
31135,470
31136,23
31137,406
31138,679
31139,231
31140,150
31141,423
31142,0
31143,359
31144,631
31145,184
31146,343
31147,616
31148,168
31149,551
31150,824
31151,377
31152,198
31153,470
31154,23
31155,406
31156,679
31157,231
31158,61
31159,334
31160,0
31161,269
31162,542
31163,95
31164,254
31165,526
31166,79
31167,462
31168,735
31169,287
31170,108
31171,381
31172,0
31173,317
31174,589
31175,142
31176,61
31177,334
31178,0
31179,269
31180,542
31181,95
31182,254
31183,527
31184,79
31185,462
31186,735
31187,287
31188,108
31189,381
31190,0
31191,317
31192,590
31193,142
31194,64
31195,337
31196,0
31197,272
31198,545
31199,97
31200,257
31201,529
31202,82
31203,465
31204,738
31205,290
31206,111
31207,384
31208,0
31209,320
31210,592
31211,145
31212,70
31213,343
31214,0
31215,278
31216,551
31217,104
31218,263
31219,536
31220,88
31221,471
31222,744
31223,296
31224,117
31225,390
31226,0
31227,326
31228,598
31229,151
31230,87
31231,360
31232,0
31233,295
31234,568
31235,121
31236,280
31237,552
31238,105
31239,488
31240,761
31241,313
31242,134
31243,407
31244,0
31245,343
31246,615
31247,168
31248,156
31249,429
31250,0
31251,365
31252,638
31253,190
31254,349
31255,622
31256,174
31257,558
31258,830
31259,383
31260,204
31261,477
31262,29
31263,412
31264,685
31265,237
31266,156
31267,429
31268,0
31269,365
31270,638
31271,190
31272,349
31273,622
31274,174
31275,558
31276,830
31277,383
31278,204
31279,477
31280,29
31281,412
31282,685
31283,237
31284,67
31285,340
31286,0
31287,276
31288,548
31289,101
31290,260
31291,533
31292,85
31293,468
31294,741
31295,293
31296,114
31297,387
31298,0
31299,323
31300,596
31301,148
31302,67
31303,340
31304,0
31305,276
31306,548
31307,101
31308,260
31309,533
31310,85
31311,468
31312,741
31313,294
31314,115
31315,387
31316,0
31317,323
31318,596
31319,148
31320,70
31321,343
31322,0
31323,278
31324,551
31325,104
31326,263
31327,536
31328,88
31329,471
31330,744
31331,296
31332,117
31333,390
31334,0
31335,326
31336,598
31337,151
31338,70
31339,343
31340,0
31341,278
31342,551
31343,104
31344,263
31345,536
31346,88
31347,471
31348,744
31349,296
31350,117
31351,390
31352,0
31353,326
31354,598
31355,151
31356,87
31357,360
31358,0
31359,295
31360,568
31361,121
31362,280
31363,552
31364,105
31365,488
31366,761
31367,313
31368,134
31369,407
31370,0
31371,343
31372,615
31373,168
31374,156
31375,429
31376,0
31377,365
31378,638
31379,190
31380,349
31381,622
31382,174
31383,558
31384,830
31385,383
31386,204
31387,477
31388,29
31389,412
31390,685
31391,237
31392,156
31393,429
31394,0
31395,365
31396,638
31397,190
31398,349
31399,622
31400,174
31401,558
31402,830
31403,383
31404,204
31405,477
31406,29
31407,412
31408,685
31409,237
31410,67
31411,340
31412,0
31413,276
31414,548
31415,101
31416,260
31417,533
31418,85
31419,468
31420,741
31421,293
31422,114
31423,387
31424,0
31425,323
31426,596
31427,148
31428,67
31429,340
31430,0
31431,276
31432,548
31433,101
31434,260
31435,533
31436,85
31437,468
31438,741
31439,294
31440,115
31441,387
31442,0
31443,323
31444,596
31445,148
31446,70
31447,343
31448,0
31449,278
31450,551
31451,104
31452,263
31453,536
31454,88
31455,471
31456,744
31457,296
31458,117
31459,390
31460,0
31461,326
31462,598
31463,151
31464,70
31465,343
31466,0
31467,278
31468,551
31469,104
31470,263
31471,536
31472,88
31473,471
31474,744
31475,296
31476,117
31477,390
31478,0
31479,326
31480,598
31481,151
31482,87
31483,360
31484,0
31485,295
31486,568
31487,121
31488,280
31489,552
31490,105
31491,488
31492,761
31493,313
31494,134
31495,407
31496,0
31497,343
31498,615
31499,168
31500,156
31501,429
31502,0
31503,365
31504,638
31505,190
31506,349
31507,622
31508,174
31509,558
31510,830
31511,383
31512,204
31513,477
31514,29
31515,412
31516,685
31517,237
31518,156
31519,429
31520,0
31521,365
31522,638
31523,190
31524,349
31525,622
31526,174
31527,558
31528,830
31529,383
31530,204
31531,477
31532,29
31533,412
31534,685
31535,237
31536,67
31537,340
31538,0
31539,276
31540,548
31541,101
31542,260
31543,533
31544,85
31545,468
31546,741
31547,293
31548,114
31549,387
31550,0
31551,323
31552,596
31553,148
31554,67
31555,340
31556,0
31557,276
31558,548
31559,101
31560,260
31561,533
31562,85
31563,468
31564,741
31565,294
31566,115
31567,387
31568,0
31569,323
31570,596
31571,148
31572,70
31573,343
31574,0
31575,278
31576,551
31577,104
31578,263
31579,536
31580,88
31581,471
31582,744
31583,296
31584,117
31585,390
31586,0
31587,326
31588,598
31589,151
31590,70
31591,343
31592,0
31593,278
31594,551
31595,104
31596,263
31597,536
31598,88
31599,471
31600,744
31601,296
31602,117
31603,390
31604,0
31605,326
31606,598
31607,151
31608,87
31609,360
31610,0
31611,295
31612,568
31613,121
31614,280
31615,552
31616,105
31617,488
31618,761
31619,313
31620,134
31621,407
31622,0
31623,343
31624,615
31625,168
31626,156
31627,429
31628,0
31629,365
31630,638
31631,190
31632,349
31633,622
31634,174
31635,558
31636,830
31637,383
31638,204
31639,477
31640,29
31641,412
31642,685
31643,237
31644,156
31645,429
31646,0
31647,365
31648,638
31649,190
31650,349
31651,622
31652,174
31653,558
31654,830
31655,383
31656,204
31657,477
31658,29
31659,412
31660,685
31661,237
31662,67
31663,340
31664,0
31665,276
31666,548
31667,101
31668,260
31669,533
31670,85
31671,468
31672,741
31673,293
31674,114
31675,387
31676,0
31677,323
31678,596
31679,148
31680,67
31681,340
31682,0
31683,276
31684,548
31685,101
31686,260
31687,533
31688,85
31689,468
31690,741
31691,294
31692,115
31693,387
31694,0
31695,323
31696,596
31697,148
31698,70
31699,343
31700,0
31701,278
31702,551
31703,104
31704,263
31705,536
31706,88
31707,471
31708,744
31709,296
31710,117
31711,390
31712,0
31713,326
31714,598
31715,151
31716,70
31717,343
31718,0
31719,278
31720,551
31721,104
31722,263
31723,536
31724,88
31725,471
31726,744
31727,296
31728,117
31729,390
31730,0
31731,326
31732,598
31733,151
31734,87
31735,360
31736,0
31737,295
31738,568
31739,121
31740,280
31741,552
31742,105
31743,488
31744,761
31745,313
31746,134
31747,407
31748,0
31749,343
31750,615
31751,168
31752,156
31753,429
31754,0
31755,365
31756,638
31757,190
31758,349
31759,622
31760,174
31761,558
31762,830
31763,383
31764,204
31765,477
31766,29
31767,412
31768,685
31769,237
31770,181
31771,454
31772,6
31773,389
31774,662
31775,215
31776,374
31777,646
31778,199
31779,582
31780,855
31781,407
31782,228
31783,501
31784,54
31785,437
31786,709
31787,262
31788,92
31789,364
31790,0
31791,300
31792,573
31793,125
31794,284
31795,557
31796,110
31797,493
31798,765
31799,318
31800,139
31801,412
31802,0
31803,347
31804,620
31805,173
31806,92
31807,364
31808,0
31809,300
31810,573
31811,125
31812,285
31813,557
31814,110
31815,493
31816,766
31817,318
31818,139
31819,412
31820,0
31821,348
31822,620
31823,173
31824,95
31825,367
31826,0
31827,303
31828,576
31829,128
31830,287
31831,560
31832,113
31833,496
31834,768
31835,321
31836,142
31837,415
31838,0
31839,350
31840,623
31841,176
31842,95
31843,367
31844,0
31845,303
31846,576
31847,128
31848,287
31849,560
31850,113
31851,496
31852,768
31853,321
31854,142
31855,415
31856,0
31857,350
31858,623
31859,176
31860,111
31861,384
31862,0
31863,320
31864,593
31865,145
31866,304
31867,577
31868,129
31869,513
31870,785
31871,338
31872,159
31873,431
31874,0
31875,367
31876,640
31877,192
31878,181
31879,454
31880,6
31881,389
31882,662
31883,215
31884,374
31885,646
31886,199
31887,582
31888,855
31889,407
31890,228
31891,501
31892,54
31893,437
31894,709
31895,262
31896,181
31897,454
31898,6
31899,389
31900,662
31901,215
31902,374
31903,646
31904,199
31905,582
31906,855
31907,407
31908,228
31909,501
31910,54
31911,437
31912,709
31913,262
31914,92
31915,364
31916,0
31917,300
31918,573
31919,125
31920,284
31921,557
31922,110
31923,493
31924,765
31925,318
31926,139
31927,412
31928,0
31929,347
31930,620
31931,173
31932,92
31933,364
31934,0
31935,300
31936,573
31937,125
31938,285
31939,557
31940,110
31941,493
31942,766
31943,318
31944,139
31945,412
31946,0
31947,348
31948,620
31949,173
31950,95
31951,367
31952,0
31953,303
31954,576
31955,128
31956,287
31957,560
31958,113
31959,496
31960,768
31961,321
31962,142
31963,415
31964,0
31965,350
31966,623
31967,176
31968,95
31969,367
31970,0
31971,303
31972,576
31973,128
31974,287
31975,560
31976,113
31977,496
31978,768
31979,321
31980,142
31981,415
31982,0
31983,350
31984,623
31985,176
31986,111
31987,384
31988,0
31989,320
31990,593
31991,145
31992,304
31993,577
31994,129
31995,513
31996,785
31997,338
31998,159
31999,431
32000,0
32001,367
32002,640
32003,192
32004,181
32005,454
32006,6
32007,389
32008,662
32009,215
32010,374
32011,646
32012,199
32013,582
32014,855
32015,407
32016,228
32017,501
32018,54
32019,437
32020,709
32021,262
32022,181
32023,454
32024,6
32025,389
32026,662
32027,215
32028,374
32029,646
32030,199
32031,582
32032,855
32033,407
32034,228
32035,501
32036,54
32037,437
32038,709
32039,262
32040,92
32041,364
32042,0
32043,300
32044,573
32045,125
32046,284
32047,557
32048,110
32049,493
32050,765
32051,318
32052,139
32053,412
32054,0
32055,347
32056,620
32057,173
32058,92
32059,364
32060,0
32061,300
32062,573
32063,125
32064,285
32065,557
32066,110
32067,493
32068,766
32069,318
32070,139
32071,412
32072,0
32073,348
32074,620
32075,173
32076,95
32077,367
32078,0
32079,303
32080,576
32081,128
32082,287
32083,560
32084,113
32085,496
32086,768
32087,321
32088,142
32089,415
32090,0
32091,350
32092,623
32093,176
32094,95
32095,367
32096,0
32097,303
32098,576
32099,128
32100,287
32101,560
32102,113
32103,496
32104,768
32105,321
32106,142
32107,415
32108,0
32109,350
32110,623
32111,176
32112,111
32113,384
32114,0
32115,320
32116,593
32117,145
32118,304
32119,577
32120,129
32121,513
32122,785
32123,338
32124,159
32125,431
32126,0
32127,367
32128,640
32129,192
32130,181
32131,454
32132,6
32133,389
32134,662
32135,215
32136,374
32137,646
32138,199
32139,582
32140,855
32141,407
32142,228
32143,501
32144,54
32145,437
32146,709
32147,262
32148,181
32149,454
32150,6
32151,389
32152,662
32153,215
32154,374
32155,646
32156,199
32157,582
32158,855
32159,407
32160,228
32161,501
32162,54
32163,437
32164,709
32165,262
32166,92
32167,364
32168,0
32169,300
32170,573
32171,125
32172,284
32173,557
32174,110
32175,493
32176,765
32177,318
32178,139
32179,412
32180,0
32181,347
32182,620
32183,173
32184,92
32185,364
32186,0
32187,300
32188,573
32189,125
32190,285
32191,557
32192,110
32193,493
32194,766
32195,318
32196,139
32197,412
32198,0
32199,348
32200,620
32201,173
32202,95
32203,367
32204,0
32205,303
32206,576
32207,128
32208,287
32209,560
32210,113
32211,496
32212,768
32213,321
32214,142
32215,415
32216,0
32217,350
32218,623
32219,176
32220,95
32221,367
32222,0
32223,303
32224,576
32225,128
32226,287
32227,560
32228,113
32229,496
32230,768
32231,321
32232,142
32233,415
32234,0
32235,350
32236,623
32237,176
32238,111
32239,384
32240,0
32241,320
32242,593
32243,145
32244,304
32245,577
32246,129
32247,513
32248,785
32249,338
32250,159
32251,431
32252,0
32253,367
32254,640
32255,192
32256,181
32257,454
32258,6
32259,389
32260,662
32261,215
32262,374
32263,646
32264,199
32265,582
32266,855
32267,407
32268,228
32269,501
32270,54
32271,437
32272,709
32273,262
32274,181
32275,454
32276,6
32277,389
32278,662
32279,215
32280,374
32281,646
32282,199
32283,582
32284,855
32285,407
32286,228
32287,501
32288,54
32289,437
32290,709
32291,262
32292,92
32293,364
32294,0
32295,300
32296,573
32297,125
32298,284
32299,557
32300,110
32301,493
32302,765
32303,318
32304,139
32305,412
32306,0
32307,347
32308,620
32309,173
32310,186
32311,459
32312,11
32313,394
32314,667
32315,220
32316,379
32317,651
32318,204
32319,587
32320,860
32321,412
32322,233
32323,506
32324,58
32325,442
32326,714
32327,267
32328,189
32329,461
32330,14
32331,397
32332,670
32333,222
32334,381
32335,654
32336,207
32337,590
32338,863
32339,415
32340,236
32341,509
32342,61
32343,444
32344,717
32345,270
32346,189
32347,461
32348,14
32349,397
32350,670
32351,222
32352,381
32353,654
32354,207
32355,590
32356,863
32357,415
32358,236
32359,509
32360,61
32361,444
32362,717
32363,270
32364,206
32365,478
32366,31
32367,414
32368,687
32369,239
32370,398
32371,671
32372,224
32373,607
32374,879
32375,432
32376,253
32377,526
32378,78
32379,461
32380,734
32381,287
32382,275
32383,548
32384,100
32385,484
32386,756
32387,309
32388,468
32389,741
32390,293
32391,676
32392,949
32393,502
32394,323
32395,595
32396,148
32397,531
32398,804
32399,356
32400,275
32401,548
32402,100
32403,484
32404,756
32405,309
32406,468
32407,741
32408,293
32409,676
32410,949
32411,502
32412,323
32413,595
32414,148
32415,531
32416,804
32417,356
32418,186
32419,458
32420,11
32421,394
32422,667
32423,219
32424,379
32425,651
32426,204
32427,587
32428,860
32429,412
32430,233
32431,506
32432,58
32433,442
32434,714
32435,267
32436,186
32437,459
32438,11
32439,394
32440,667
32441,220
32442,379
32443,651
32444,204
32445,587
32446,860
32447,412
32448,233
32449,506
32450,58
32451,442
32452,714
32453,267
32454,189
32455,461
32456,14
32457,397
32458,670
32459,222
32460,381
32461,654
32462,207
32463,590
32464,863
32465,415
32466,236
32467,509
32468,61
32469,444
32470,717
32471,270
32472,189
32473,461
32474,14
32475,397
32476,670
32477,222
32478,381
32479,654
32480,207
32481,590
32482,863
32483,415
32484,236
32485,509
32486,61
32487,444
32488,717
32489,270
32490,206
32491,478
32492,31
32493,414
32494,687
32495,239
32496,398
32497,671
32498,224
32499,607
32500,879
32501,432
32502,253
32503,526
32504,78
32505,461
32506,734
32507,287
32508,275
32509,548
32510,100
32511,484
32512,756
32513,309
32514,468
32515,741
32516,293
32517,676
32518,949
32519,502
32520,323
32521,595
32522,148
32523,531
32524,804
32525,356
32526,275
32527,548
32528,100
32529,484
32530,756
32531,309
32532,468
32533,741
32534,293
32535,676
32536,949
32537,502
32538,323
32539,595
32540,148
32541,531
32542,804
32543,356
32544,186
32545,458
32546,11
32547,394
32548,667
32549,219
32550,379
32551,651
32552,204
32553,587
32554,860
32555,412
32556,233
32557,506
32558,58
32559,442
32560,714
32561,267
32562,186
32563,459
32564,11
32565,394
32566,667
32567,220
32568,379
32569,651
32570,204
32571,587
32572,860
32573,412
32574,233
32575,506
32576,58
32577,442
32578,714
32579,267
32580,189
32581,461
32582,14
32583,397
32584,670
32585,222
32586,381
32587,654
32588,207
32589,590
32590,863
32591,415
32592,236
32593,509
32594,61
32595,444
32596,717
32597,270
32598,189
32599,461
32600,14
32601,397
32602,670
32603,222
32604,381
32605,654
32606,207
32607,590
32608,863
32609,415
32610,236
32611,509
32612,61
32613,444
32614,717
32615,270
32616,206
32617,478
32618,31
32619,414
32620,687
32621,239
32622,398
32623,671
32624,224
32625,607
32626,879
32627,432
32628,253
32629,526
32630,78
32631,461
32632,734
32633,287
32634,275
32635,548
32636,100
32637,484
32638,756
32639,309
32640,468
32641,741
32642,293
32643,676
32644,949
32645,502
32646,323
32647,595
32648,148
32649,531
32650,804
32651,356
32652,275
32653,548
32654,100
32655,484
32656,756
32657,309
32658,468
32659,741
32660,293
32661,676
32662,949
32663,502
32664,323
32665,595
32666,148
32667,531
32668,804
32669,356
32670,186
32671,458
32672,11
32673,394
32674,667
32675,219
32676,379
32677,651
32678,204
32679,587
32680,860
32681,412
32682,233
32683,506
32684,58
32685,442
32686,714
32687,267
32688,186
32689,459
32690,11
32691,394
32692,667
32693,220
32694,379
32695,651
32696,204
32697,587
32698,860
32699,412
32700,233
32701,506
32702,58
32703,442
32704,714
32705,267
32706,189
32707,461
32708,14
32709,397
32710,670
32711,222
32712,381
32713,654
32714,207
32715,590
32716,863
32717,415
32718,236
32719,509
32720,61
32721,444
32722,717
32723,270
32724,189
32725,461
32726,14
32727,397
32728,670
32729,222
32730,381
32731,654
32732,207
32733,590
32734,863
32735,415
32736,236
32737,509
32738,61
32739,444
32740,717
32741,270
32742,206
32743,478
32744,31
32745,414
32746,687
32747,239
32748,398
32749,671
32750,224
32751,607
32752,879
32753,432
32754,253
32755,526
32756,78
32757,461
32758,734
32759,287
32760,275
32761,548
32762,100
32763,484
32764,756
32765,309
32766,468
32767,741
32768,293
32769,676
32770,949
32771,502
32772,323
32773,595
32774,148
32775,531
32776,804
32777,356
32778,275
32779,548
32780,100
32781,484
32782,756
32783,309
32784,468
32785,741
32786,293
32787,676
32788,949
32789,502
32790,323
32791,595
32792,148
32793,531
32794,804
32795,356
32796,186
32797,458
32798,11
32799,394
32800,667
32801,219
32802,379
32803,651
32804,204
32805,587
32806,860
32807,412
32808,233
32809,506
32810,58
32811,442
32812,714
32813,267
32814,186
32815,459
32816,11
32817,394
32818,667
32819,220
32820,379
32821,651
32822,204
32823,587
32824,860
32825,412
32826,233
32827,506
32828,58
32829,442
32830,714
32831,267
32832,189
32833,461
32834,14
32835,397
32836,670
32837,222
32838,381
32839,654
32840,207
32841,590
32842,863
32843,415
32844,236
32845,509
32846,61
32847,444
32848,717
32849,270
32850,189
32851,461
32852,14
32853,397
32854,670
32855,222
32856,381
32857,654
32858,207
32859,590
32860,863
32861,415
32862,236
32863,509
32864,61
32865,444
32866,717
32867,270
